filename,format,mode,width,height,filesize_bytes,device_make,device_model,lens_model,software,datetime_original,datetime_digitized,datetime_modified,exposure_time,f_number,iso_speed,focal_length,exposure_program,white_balance,flash,orientation,gps_altitude,gps_speed,gps_direction,GPSLink,ocr_text,ocr_language,analysis_summary,ai_generated,resolution
DSCN0010.jpg,JPEG,RGB,640,480,161713,NIKON,COOLPIX P6000,Not available,Nikon Transfer 1.1 W,2008:10:22 16:28:39,2008:10:22 16:28:39,2008:11:01 21:15:07,1/75,59/10,64,24,Program Normal,Auto,"Flash did not fire, compulsory flash mode",Horizontal (normal),Not available,Not available,Not available,"https://www.google.com/maps?q=43.46744833333334,11.885126666663888",Not available,Not available,No anomalies detected,No indication,640x480
canon-ixus.jpg,JPEG,RGB,640,480,128037,Canon,Canon DIGITAL IXUS,Not available,Not available,2001:06:09 15:17:32,2001:06:09 15:17:32,2001:06:09 15:17:32,1/350,4,Not available,173/16,Not available,Not available,Flash did not fire,Horizontal (normal),Not available,Not available,Not available,Not available,Not available,Not available,Location data missing,No indication,640x480
eurotext.png,PNG,P,1024,800,14756,Not available,Not available,Not available,Not available,Not available,Not available,Not available,Not available,Not available,Not available,Not available,Not available,Not available,Not available,Not available,Not available,Not available,Not available,Not available,"The (quick) [brown] {fox} jumps!
Over the $43,456.78 <lazy> #90 dog
& duck/goose, as 12.5% of E-mail
from aspammer@website.com is spam.
Der ,.schnelle” braune Fuchs springt
iiber den faulen Hund. Le renard brun
«rapide» saute par-dessus le chien
paresseux. La volpe marrone rapida
salta sopra il cane pigro. El zorro
marron rapido salta sobre el perro
perezoso. A raposa marrom rapida
salta sobre 0 céo preguicoso.",la (-971.12),Device information missing | Location data missing,No indication,1024x800
landscape_8.jpg,JPEG,RGB,450,600,141286,Not available,Not available,Not available,Not available,Not available,Not available,Not available,Not available,Not available,Not available,Not available,Not available,Not available,Not available,Rotated 90 CCW,Not available,Not available,Not available,Not available,Not available,Not available,Device information missing | Location data missing,No indication,450x600
IMG_20250909_231221007.jpg,JPEG,RGB,4080,3072,3039288,Nothing,A059,Not available,Not available,2025:09:09 23:12:21,2025:09:09 23:12:21,2025:09:09 23:12:21,3749999/125000000,47/25,556,139/25,Not available,Auto,Flash did not fire,Horizontal (normal),Not available,Not available,Not available,"https://www.google.com/maps?q=8.49763611111111,76.99905277777778","ES oC el?

RORY, STS

v i",en (9.06),No anomalies detected,No indication,4080x3072
PXL_20250509_170641209.PORTRAIT.ORIGINAL.jpg,JPEG,RGB,3072,4080,1355149,moto g45 5G (fogos),motorola,motorola,HDR+ 1.0.604778939zp,2025:05:09 17:06:41,2025:05:09 17:06:41,2025:05:09 17:06:41,1/50,9/5,686,213/50,Program Normal,Auto,"Flash did not fire, compulsory flash mode",Horizontal (normal),Not available,Not available,Not available,Not available,Not available,Not available,Location data missing,No indication,3072x4080
DSCN0012.jpg,JPEG,RGB,640,480,159137,NIKON,COOLPIX P6000,Not available,Nikon Transfer 1.1 W,2008:10:22 16:29:49,2008:10:22 16:29:49,2008:11:01 21:15:07,140213/25000000,9/2,64,6,Program Normal,Auto,"Flash did not fire, compulsory flash mode",Horizontal (normal),Not available,Not available,Not available,"https://www.google.com/maps?q=43.46715666666389,11.885394999997223",Not available,Not available,No anomalies detected,No indication,640x480
fujifilm-dx10.jpg,JPEG,RGB,1024,768,133074,FUJIFILM,DX-10,Not available,Digital Camera DX-10 Ver1.00,2001:04:12 20:33:14,2001:04:12 20:33:14,2001:04:12 20:33:14,Not available,21/5,150,29/5,Program Normal,Not available,Flash fired,Horizontal (normal),Not available,Not available,Not available,Not available,Not available,Not available,Location data missing,No indication,1024x768
